Datetime,Water Level (m)
2025-06-09 18:00:00,0.71561116
2025-06-09 19:00:00,1.0703777
2025-06-09 20:00:00,1.2221808
2025-06-09 21:00:00,1.0947038
2025-06-09 22:00:00,0.75972295
2025-06-09 23:00:00,0.34842578
2025-06-10 00:00:00,-0.062246405
2025-06-10 01:00:00,-0.4635341
2025-06-10 02:00:00,-0.7920587
2025-06-10 03:00:00,-0.7954534
2025-06-10 04:00:00,-0.22360264
2025-06-10 05:00:00,0.4583789
2025-06-10 06:00:00,1.0845996
2025-06-10 07:00:00,1.5713304
2025-06-10 08:00:00,1.8331816
2025-06-10 09:00:00,1.797641
2025-06-10 10:00:00,1.4659145
2025-06-10 11:00:00,1.0144751
2025-06-10 12:00:00,0.53708136
2025-06-10 13:00:00,0.07185471
2025-06-10 14:00:00,-0.349857
2025-06-10 15:00:00,-0.6652704
2025-06-10 16:00:00,-0.60544056
2025-06-10 17:00:00,-0.071585655
2025-06-10 18:00:00,0.5159741
2025-06-10 19:00:00,1.0172821
2025-06-10 20:00:00,1.3363996
2025-06-10 21:00:00,1.3884223
2025-06-10 22:00:00,1.1143528
2025-06-10 23:00:00,0.70858824
2025-06-11 00:00:00,0.2596725
2025-06-11 01:00:00,-0.1697368
2025-06-11 02:00:00,-0.57555914
2025-06-11 03:00:00,-0.84063387
2025-06-11 04:00:00,-0.5430332
2025-06-11 05:00:00,0.096560396
2025-06-11 06:00:00,0.7808781
2025-06-11 07:00:00,1.3899459
2025-06-11 08:00:00,1.8474561
2025-06-11 09:00:00,2.0235364
2025-06-11 10:00:00,1.836035
2025-06-11 11:00:00,1.4161693
2025-06-11 12:00:00,0.9317062
2025-06-11 13:00:00,0.43372774
2025-06-11 14:00:00,-0.03756877
2025-06-11 15:00:00,-0.45891568
2025-06-11 16:00:00,-0.7008573
2025-06-11 17:00:00,-0.34770346
2025-06-11 18:00:00,0.25491783
2025-06-11 19:00:00,0.8193972
2025-06-11 20:00:00,1.2628554
2025-06-11 21:00:00,1.4809872
2025-06-11 22:00:00,1.3763857
2025-06-11 23:00:00,1.015006
2025-06-12 00:00:00,0.5816107
2025-06-12 01:00:00,0.12984926
2025-06-12 02:00:00,-0.29589874
2025-06-12 03:00:00,-0.6648131
2025-06-12 04:00:00,-0.7968374
2025-06-12 05:00:00,-0.27684468
2025-06-12 06:00:00,0.42660362
2025-06-12 07:00:00,1.1179866
2025-06-12 08:00:00,1.7028366
2025-06-12 09:00:00,2.0738049
2025-06-12 10:00:00,2.1008008
2025-06-12 11:00:00,1.7716467
2025-06-12 12:00:00,1.3011478
2025-06-12 13:00:00,0.7984377
2025-06-12 14:00:00,0.29543018
2025-06-12 15:00:00,-0.16337024
2025-06-12 16:00:00,-0.54810077
2025-06-12 17:00:00,-0.6296981
2025-06-12 18:00:00,-0.13700978
2025-06-12 19:00:00,0.47465703
2025-06-12 20:00:00,1.0196506
2025-06-12 21:00:00,1.4062585
2025-06-12 22:00:00,1.5438037
2025-06-12 23:00:00,1.3213779
2025-06-13 00:00:00,0.9197699
2025-06-13 01:00:00,0.46605211
2025-06-13 02:00:00,0.01694022
2025-06-13 03:00:00,-0.40162238
2025-06-13 04:00:00,-0.72020036
2025-06-13 05:00:00,-0.59690255
2025-06-13 06:00:00,0.036772523
2025-06-13 07:00:00,0.75429255
2025-06-13 08:00:00,1.4094694
2025-06-13 09:00:00,1.9189975
2025-06-13 10:00:00,2.1661158
2025-06-13 11:00:00,2.0157037
2025-06-13 12:00:00,1.6009203
2025-06-13 13:00:00,1.109137
2025-06-13 14:00:00,0.59537
2025-06-13 15:00:00,0.10319508
2025-06-13 16:00:00,-0.33855432
2025-06-13 17:00:00,-0.6539268
2025-06-13 18:00:00,-0.52103215
2025-06-13 19:00:00,0.04250029
2025-06-13 20:00:00,0.64328027
2025-06-13 21:00:00,1.1478683
2025-06-13 22:00:00,1.472949
2025-06-13 23:00:00,1.4947851
2025-06-14 00:00:00,1.1848956
2025-06-14 01:00:00,0.7640596
2025-06-14 02:00:00,0.30347258
2025-06-14 03:00:00,-0.13221894
2025-06-14 04:00:00,-0.5340517
2025-06-14 05:00:00,-0.77955496
2025-06-14 06:00:00,-0.39512396
2025-06-14 07:00:00,0.27181554
2025-06-14 08:00:00,0.97779524
2025-06-14 09:00:00,1.5956334
2025-06-14 10:00:00,2.0218244
2025-06-14 11:00:00,2.139392
2025-06-14 12:00:00,1.8615806
2025-06-14 13:00:00,1.4082074
2025-06-14 14:00:00,0.90770537
2025-06-14 15:00:00,0.40219897
2025-06-14 16:00:00,-0.06965059
2025-06-14 17:00:00,-0.4870815
2025-06-14 18:00:00,-0.7039144
2025-06-14 19:00:00,-0.32973427
2025-06-14 20:00:00,0.27746165
2025-06-14 21:00:00,0.85887
2025-06-14 22:00:00,1.3208252
2025-06-14 23:00:00,1.560241
2025-06-15 00:00:00,1.4583503
2025-06-15 01:00:00,1.094351
2025-06-15 02:00:00,0.6591006
2025-06-15 03:00:00,0.20406985
2025-06-15 04:00:00,-0.22209395
2025-06-15 05:00:00,-0.5948161
2025-06-15 06:00:00,-0.70326924
2025-06-15 07:00:00,-0.16412424
2025-06-15 08:00:00,0.54272765
2025-06-15 09:00:00,1.2112334
2025-06-15 10:00:00,1.7693601
2025-06-15 11:00:00,2.1037111
2025-06-15 12:00:00,2.0755541
2025-06-15 13:00:00,1.7111709
2025-06-15 14:00:00,1.237198
2025-06-15 15:00:00,0.7339138
2025-06-15 16:00:00,0.23661654
2025-06-15 17:00:00,-0.21396229
2025-06-15 18:00:00,-0.5827357
